{"Purchasing Organization":"ui.s2p.mm.pritem.monitors1::sap.suite.ui.generic.template.AnalyticalListPage.view.AnalyticalListPage::C_PurReqnItemMntrResults--template::SmartFilterBar-filterItemControl_BASIC-PurchasingOrganization-inner","Plant":"ui.s2p.mm.pritem.monitors1::sap.suite.ui.generic.template.AnalyticalListPage.view.AnalyticalListPage::C_PurReqnItemMntrResults--template::SmartFilterBar-filterItemControl_BASIC-Plant-inner","Delivery Date Interval":"ui.s2p.mm.pritem.monitors1::sap.suite.ui.generic.template.AnalyticalListPage.view.AnalyticalListPage::C_PurReqnItemMntrResults--template::SmartFilterBar-filterItemControl_BASIC-DurationToNextStatusInDays-inner","Purchasing Group":"ui.s2p.mm.pritem.monitors1::sap.suite.ui.generic.template.AnalyticalListPage.view.AnalyticalListPage::C_PurReqnItemMntrResults--template::SmartFilterBar-filterItemControl_BASIC-PurchasingGroup-inner","Requisition Status":"ui.s2p.mm.pritem.monitors1::sap.suite.ui.generic.template.AnalyticalListPage.view.AnalyticalListPage::C_PurReqnItemMntrResults--template::SmartFilterBar-filterItemControl_BASIC-PurchasingDocumentStatus-inner","Display Currency":"ui.s2p.mm.pritem.monitors1::sap.suite.ui.generic.template.AnalyticalListPage.view.AnalyticalListPage::C_PurReqnItemMntrResults--template::SmartFilterBar-filterItemControlA_-_Parameter.P_DisplayCurrency-inner","Material":"ui.s2p.mm.pritem.monitors1::sap.suite.ui.generic.template.AnalyticalListPage.view.AnalyticalListPage::C_PurReqnItemMntrResults--template::SmartFilterBar-filterItemControl_BASIC-Material-inner","Supplier":"ui.s2p.mm.pritem.monitors1::sap.suite.ui.generic.template.AnalyticalListPage.view.AnalyticalListPage::C_PurReqnItemMntrResults--template::SmartFilterBar-filterItemControl_BASIC-Supplier-inner","Purchase Requisition Item":"ui.s2p.mm.pritem.monitors1::sap.suite.ui.generic.template.AnalyticalListPage.view.AnalyticalListPage::C_PurReqnItemMntrResults--template::SmartFilterBar-filterItemControl_BASIC-FormattedPurRequisitionItem-inner","Delivery Status":"ui.s2p.mm.pritem.monitors1::sap.suite.ui.generic.template.AnalyticalListPage.view.AnalyticalListPage::C_PurReqnItemMntrResults--template::SmartFilterBar-filterItemControl_BASIC-IsOverdue-inner"}